spearman_rank_corr,kendall_rank_corr,per_driver_accuracy,exact_order_accuracy
-0.3775855851829368,-0.2480219715206772,0.0,0
-0.07596841454875819,-0.05804769546228615,0.15,0
-0.07596841454875819,-0.05804769546228615,0.15,0
